<annotation>
	<folder>WM</folder>
	<filename>0034_ (Custom).jpg</filename>
	<path>C:\Users\Alex\Documents\Universidad\7mo Semestre\VA\FPVA\WM\0034_ (Custom).jpg</path>
	<source>
		<database>Unknown</database>
	</source>
	<size>
		<width>224</width>
		<height>187</height>
		<depth>3</depth>
	</size>
	<segmented>0</segmented>
	<object>
		<name>mask</name>
		<pose>Unspecified</pose>
		<truncated>0</truncated>
		<difficult>0</difficult>
		<bndbox>
			<xmin>70</xmin>
			<ymin>21</ymin>
			<xmax>91</xmax>
			<ymax>44</ymax>
		</bndbox>
	</object>
	<object>
		<name>mask</name>
		<pose>Unspecified</pose>
		<truncated>0</truncated>
		<difficult>0</difficult>
		<bndbox>
			<xmin>131</xmin>
			<ymin>46</ymin>
			<xmax>156</xmax>
			<ymax>65</ymax>
		</bndbox>
	</object>
	<object>
		<name>mask</name>
		<pose>Unspecified</pose>
		<truncated>1</truncated>
		<difficult>0</difficult>
		<bndbox>
			<xmin>201</xmin>
			<ymin>27</ymin>
			<xmax>224</xmax>
			<ymax>54</ymax>
		</bndbox>
	</object>
</annotation>
