<annotation>
	<folder>WM</folder>
	<filename>0049 (Custom).jpg</filename>
	<path>C:\Users\Alex\Documents\Universidad\7mo Semestre\VA\FPVA\WM\0049 (Custom).jpg</path>
	<source>
		<database>Unknown</database>
	</source>
	<size>
		<width>224</width>
		<height>126</height>
		<depth>3</depth>
	</size>
	<segmented>0</segmented>
	<object>
		<name>mask</name>
		<pose>Unspecified</pose>
		<truncated>0</truncated>
		<difficult>0</difficult>
		<bndbox>
			<xmin>94</xmin>
			<ymin>26</ymin>
			<xmax>118</xmax>
			<ymax>46</ymax>
		</bndbox>
	</object>
</annotation>
